{"cameraMode":{"drawMode":0,"name":"Shaded","section":"Shading Mode"},"sceneLighting":true,"audioPlay":false,"sceneViewState":{"m_AlwaysRefresh":false,"showFog":true,"showSkybox":true,"showFlares":true,"showImageEffects":true,"showParticleSystems":true,"showVisualEffectGraphs":true,"m_FxEnabled":true},"in2DMode":false,"pivot":{"x":3.8995378017425539,"y":1.209038257598877,"z":-7.594150543212891},"rotation":{"x":-0.03248609974980354,"y":0.9659320712089539,"z":-0.20740893483161927,"w":-0.15165196359157563},"size":1.4531885385513306,"orthographic":false}