{"cameraMode":{"drawMode":0,"name":"Shaded","section":"Shading Mode"},"sceneLighting":true,"audioPlay":false,"sceneViewState":{"m_AlwaysRefresh":false,"showFog":true,"showSkybox":true,"showFlares":true,"showImageEffects":true,"showParticleSystems":true,"showVisualEffectGraphs":true,"m_FxEnabled":true},"in2DMode":false,"pivot":{"x":15.112542152404786,"y":-1.9318616390228272,"z":-6.47498893737793},"rotation":{"x":-0.09836044162511826,"y":-0.5007328391075134,"z":0.057165779173374179,"w":-0.8582335114479065},"size":12.508479118347168,"orthographic":false}