{"cameraMode":{"drawMode":0,"name":"Shaded","section":"Shading Mode"},"sceneLighting":true,"audioPlay":false,"sceneViewState":{"m_AlwaysRefresh":false,"showFog":true,"showSkybox":true,"showFlares":true,"showImageEffects":true,"showParticleSystems":true,"showVisualEffectGraphs":true,"m_FxEnabled":true},"in2DMode":false,"pivot":{"x":-6.013147354125977,"y":1.4137990474700928,"z":-7.743837356567383},"rotation":{"x":0.05287647247314453,"y":0.37509289383888247,"z":-0.021221712231636049,"w":0.9253717660903931},"size":0.6172931790351868,"orthographic":false}