{"cameraMode":{"drawMode":0,"name":"Shaded","section":"Shading Mode"},"sceneLighting":true,"audioPlay":false,"sceneViewState":{"m_AlwaysRefresh":false,"showFog":true,"showSkybox":true,"showFlares":true,"showImageEffects":true,"showParticleSystems":true,"showVisualEffectGraphs":true,"m_FxEnabled":true},"in2DMode":false,"pivot":{"x":-3.6051549911499025,"y":0.47757411003112795,"z":-2.2891597747802736},"rotation":{"x":-0.12015601992607117,"y":0.2598012387752533,"z":-0.03255731239914894,"w":-0.9576407670974731},"size":4.7988200187683109,"orthographic":false}